id,Title,_yoast_wpseo_title
2030,"5 Best Rated Grill Smoker Combo To Buy On The Market 2018","5 Best Rated Grill Smoker Combo On The Market (%%currentmonth%% %%currentyear%%)"
2225,"5 Best Budget & Inexpensive Gas Grills Under $200 in 2018","5 Best Gas Grills Under $200: Cheap & Inexpensive (%%currentmonth%% %%currentyear%%)"
2259,"Top Rated 5 Gas Grills Under 500 Dollars In 2018","5 Best Gas Grills Under $500 To Buy In %%currentyear%% (%%currentmonth%% Updated)"
2311,"5 Best Portable Gas Grills 2018: For Tailgating, RVs & Camping","5 Best Portable Gas Grills%%currentyear%%: For Tailgating, RVs & Camping"
2358,"How To Use A Smoker Grill In 8 Steps With Pictures",
2382,"5 Best Small Gas Grills In 2018: For Camping, Balconies & Apartments","5 Best Small Gas Grills: Compact & Budget (%%currentmonth%% %%currentyear%% updated)"
2439,"Smoked Brisket Recipes To Get Your Teeth Itching For More",%%title%%
2533,"How To Use A Gas Grill: Learn In A Step-By-Step Guide",
2539,"5 Best Natural Gas Grills For The Money (July 2018 Updated)","5 Best Natural Gas Grills For The Money (%%currentmonth%% %%currentyear%%)"
2583,"8 Best Grill Accessories For Your Outdoor Party (July 2018)","8 Best Grill Accessories For Your Outdoor Party (%%currentmonth%% %%currentyear%%)"
2585,"5 Best Gas Charcoal Combo Grills: The Perfect Combination","5 Best Gas (Propane) Charcoal Combo Grills (%%currentmonth%% %%currentyear%%)"
2587,"Smoked Chicken Thigh Recipe That Will Give Your Taste Buds A Great Treat",
2589,"Best 2 Burner Gas Grills: 5 Top Picks For Barbecue Party","Best 2 Burner Gas Grills: 5 Top Picks Of %%currentmonth%% %%currentyear%%"
2697,"Best 5 Ceramic Kamado Grills For The Money In 2018","5 Best Kamado Grills For The Money (%%currentmonth%% %%currentyear%%)"
2734,"5 Best Infrared Grills On The Market In 2018","5 Best Infrared Grills On The Market In %%curentmonth%% %%currentyear%%"
2753,"5 Best Rated George Foreman Grills In July 2018","5 Best Rated George Foreman Grills In %%currentmonth%% %%currentyear%%"
2775,"How To Use A Charcoal Smoker In 11 Strategic Steps With Pictures",
2778,"How To Use A Propane Smoker In 13 Easy Steps With Pictures",
2781,"How To Use An Offset Smoker In 8 Simple Steps With Pictures",
2784,"How To Use An Electric Smoker In 7 Easy Steps With Pictures",
2846,"5 Best Portable Charcoal Grills: For Camping & Tailgating In 2018","5 Best Portable Charcoal Grills: Cooking Anywhere (%%currentmonth%% %%currentyear%%)"
2850,"5 Best Tailgate Grills in 2018: For A Happy Camping Time","5 Best Tailgate Grills: For A Happy Camping Time (%%currentmonth%% %%currentyear%%)"
2885,"8 Best Propane Gas Smokers For The Money In 2018","8 Best Propane Gas Smokers For The Money In %%currentmonth%% %%currentyear%%"
2887,"10 Best Rated Charcoal Smokers For The Money In 2018","10 Best Rated Charcoal Smokers For The Money In %%currentmonth%% %%currentyear%%"
2889,"8 Best Offset Smokers For The Money In 2018","8 Best Offset Smokers For The Money - %%currentmonth%% %%currentyear%%"
3013,"8 Best Indoor Electric Grills: Top Rated Reviews In 2018","8 Best Indoor Electric Grills: Top Rated Reviews In %%currentmonth%% %%currentyear%%"
3015,"7 Best Charcoal Grills On The Market 2018: Cheap & Budget","7 Best Charcoal Grills (%%currentmonth%%. %%currentyear%% ) - Cheap & Budget"
3017,"10 Best Rated Gas Grills On The Market In 2018","Best Gas Grills (%%currentmonth%%. %%currentyear%%) - Best Value Choice In The Market"
3268,"Smoked Chicken Wings Recipes To Try At Home",%%title%%
3393,"5 Best Outdoor Electric Grills 2018 : For Patio & Small Place","5 Best Outdoor Electric Grills: for Patio & Small Place - %%currentmonth%% %%currentyear%%"
3433,"7 Best Value Pellet Smoker Grills For The Money In 2018","7 Best Pellet Smoker Grills For The Money In %%currentmonth%% %%currentyear%%"
3461,"6 Best Smokers For Beginners To Consider Buying In 2018","6 Best Smokers For Beginners To Consider Buying In %%currentmonth%% %%currentyear%%"
3479,"How To Barbecue In 11 Simple Steps",
3526,"5 Best Electric Smokers Under $200 To Buy In 2018","5 Best Electric Smokers Under $200 To Buy - %%currentmonth%% %%currentyear%%"
3619,"Smoking Times and Temperatures Chart: A Detailed Overview",
3638,"5 Best Digital Meat Thermometer: For Smoking & Grilling In 2018","5 Best Digital Meat Thermometer: For Smoker & Grill - %%currentmonth%% %%currentyear%%"
3653,"Best Grilled Chicken Breast Recipes That Tastes Like No Other",%%title%%
3747,"5 Best Rated Remote Wireless Meat Thermometers In 2018","5 Best Rated Remote Wireless Meat Thermometers - %%currentmonth%% %%currentyear%%"
3749,"5 Best Rated Instant Read Thermometers In 2018","5 Best Rated Instant Read Thermometers - %%currentmonth%% %%currentyear%%"
3751,"5 Best Smoker Thermometers In 2018: For Grilling & Smoking","5 Best Smoker Thermometers: For Grilling & Smoking - %%currentmonth%% %%currentyear%%"
3796,"10 Best Rated BBQ Smokers To Buy: Budget & Cheap in 2018","Top 10 Best Smokers To Buy On The Market (%%currentmonth%% %%currentyear%%)"
3862,"Yummy Smoked Chicken Breast Recipes Made Just For You",
3880,"Best Grill Cleaners To Keep Your Unit Sparkling Clean",
3906,"Best Grill Brushes To Keep Your Unit As Efficient As Ever",
3908,"Best Grill Cover To Keep Your Unit Protected At All Times",
3910,"Best BBQ Gloves For The Much-Needed Protection Of The Griller",
3998,"How To Use A Smoker In 12 Simple And Pictured Steps",
4004,"Grilled Chicken Wing Recipes Infused With Flavour",%%title%%
4091,"6 Best Electric Smokers For The Quickest Sizzling BBQs",
4159,"Grilled Chicken Marinade Recipes To Be Made At Home",%%title%%
4328,"How To Use A Charcoal Grill In 14 Pictured Steps","How To Use A Charcoal Grill In 14 Pictured Easy Steps"
4347,"Best 50 Barbecue Blogs For Outdoor Cooking Enthusiasts in 2018","Best 50 Barbecue Blogs For Outdoor Cooking Enthusiasts in 2018"
4376,"Smoked Rib Recipes Which Will Melt In Your Mouth",%%title%%
4418,"5 Of The Best BBQ Rubs For The Tastiest Of Delicacies",
4419,"The Best Smoker Boxes For Gas Grill For Effective Use",
4455,"Best Grill Grates Selection For The Most Beautiful Barbecues",
4469,"5 Of The Best Meat Injectors For The Juiciest Of Meat",
4502,"Best Grill Lights To Make You An All-night Pitmaster",
4518,"Best Grill Pans For Mind Blowing Indoor Barbecues",
4532,"9 Best BBQ Sauces To Keep You Licking Your Fingers For Days",
4554,"5 Best BBQ Books To Make You A Pitmaster In Your Right",
4569,"The Best Lump Charcoal Brands For Seamless Cooking",
4585,"Grilled Pork Chop Recipes With Incredible Flavour",%%title%%
4775,"Grilling Time and Temperature Chart: BBQ to Perfection",%%title%%
5036,"Pair Wine And Beer with BBQs: A Simplified Guide","The BBQ Wine and Beer Pairing Chart"
5113,"[Không post bài này nữa] A Beginner’s Guide To Grilling",
5199,"8 Primal Cuts Of Beef - The Ultimate Chart",
