URL,Title,Description,URL
,"5 Best Rated Grill Smoker Combo To Buy On The Market 2018",,
,"5 Best Budget & Inexpensive Gas Grills Under $200 in 2018",,
,"Top Rated 5 Gas Grills Under 500 Dollars In 2018",,
,"5 Best Portable Gas Grills 2018: For Tailgating, RVs & Camping",,
,"How To Use A Smoker Grill In 8 Steps With Pictures",,
,"5 Best Small Gas Grills In 2018: For Camping, Balconies & Apartments",,
,"Smoked Brisket Recipes To Get Your Teeth Itching For More",,
,"How To Use A Gas Grill: Learn In A Step-By-Step Guide",,
,"5 Best Natural Gas Grills For The Money (July 2018 Updated)",,
,"8 Best Grill Accessories For Your Outdoor Party (July 2018)",,
,"5 Best Gas Charcoal Combo Grills: The Perfect Combination",,
,"Smoked Chicken Thigh Recipe That Will Give Your Taste Buds A Great Treat",,
,"Best 2 Burner Gas Grills: 5 Top Picks For Barbecue Party",,
,"Best 5 Ceramic Kamado Grills For The Money In 2018",,
,"5 Best Infrared Grills On The Market In 2018",,
,"5 Best Rated George Foreman Grills In July 2018",,
,"How To Use A Charcoal Smoker In 11 Strategic Steps With Pictures",,
,"How To Use A Propane Smoker In 13 Easy Steps With Pictures",,
,"How To Use An Offset Smoker In 8 Simple Steps With Pictures",,
,"How To Use An Electric Smoker In 7 Easy Steps With Pictures",,
,"5 Best Portable Charcoal Grills: For Camping & Tailgating In 2018",,
,"5 Best Tailgate Grills in 2018: For A Happy Camping Time",,
,"8 Best Propane Gas Smokers For The Money In 2018",,
,"10 Best Rated Charcoal Smokers For The Money In 2018",,
,"8 Best Offset Smokers For The Money In 2018",,
,"8 Best Indoor Electric Grills: Top Rated Reviews In 2018",,
,"7 Best Charcoal Grills On The Market 2018: Cheap & Budget",,
,"10 Best Rated Gas Grills On The Market In 2018",,
,"Smoked Chicken Wings Recipes To Try At Home",,
,"5 Best Outdoor Electric Grills 2018 : For Patio & Small Place",,
,"7 Best Value Pellet Smoker Grills For The Money In 2018",,
,"6 Best Smokers For Beginners To Consider Buying In 2018",,
,"How To Barbecue In 11 Simple Steps",,
,"5 Best Electric Smokers Under $200 To Buy In 2018",,
,"Smoking Times and Temperatures Chart: A Detailed Overview",,
,"5 Best Digital Meat Thermometer: For Smoking & Grilling In 2018",,
,"Best Grilled Chicken Breast Recipes That Tastes Like No Other",,
,"5 Best Rated Remote Wireless Meat Thermometers In 2018",,
,"5 Best Rated Instant Read Thermometers In 2018",,
,"5 Best Smoker Thermometers In 2018: For Grilling & Smoking",,
,"10 Best Rated BBQ Smokers To Buy: Budget & Cheap in 2018",,
,"Yummy Smoked Chicken Breast Recipes Made Just For You",,
,"Best Grill Cleaners To Keep Your Unit Sparkling Clean",,
,"Best Grill Brushes To Keep Your Unit As Efficient As Ever",,
,"Best Grill Cover To Keep Your Unit Protected At All Times",,
,"Best BBQ Gloves For The Much-Needed Protection Of The Griller",,
,"How To Use A Smoker In 12 Simple And Pictured Steps",,
,"Grilled Chicken Wing Recipes Infused With Flavour",,
,"6 Best Electric Smokers For The Quickest Sizzling BBQs",,
,"Grilled Chicken Marinade Recipes To Be Made At Home",,
,"How To Use A Charcoal Grill In 14 Pictured Steps",,
,"Best 50 Barbecue Blogs For Outdoor Cooking Enthusiasts in 2018",,
,"Smoked Rib Recipes Which Will Melt In Your Mouth",,
,"5 Of The Best BBQ Rubs For The Tastiest Of Delicacies",,
,"The Best Smoker Boxes For Gas Grill For Effective Use",,
,"Best Grill Grates Selection For The Most Beautiful Barbecues",,
,"5 Of The Best Meat Injectors For The Juiciest Of Meat",,
,"Best Grill Lights To Make You An All-night Pitmaster",,
,"Best Grill Pans For Mind Blowing Indoor Barbecues",,
,"9 Best BBQ Sauces To Keep You Licking Your Fingers For Days",,
,"5 Best BBQ Books To Make You A Pitmaster In Your Right",,
,"The Best Lump Charcoal Brands For Seamless Cooking",,
,"Grilled Pork Chop Recipes With Incredible Flavour",,
,"Grilling Time and Temperature Chart: BBQ to Perfection",,
,"Pair Wine And Beer with BBQs: A Simplified Guide",,
,"[Không post bài này nữa] A Beginner’s Guide To Grilling",,
,"8 Primal Cuts Of Beef - The Ultimate Chart",,
