id,Title,Permalink,_yoast_wpseo_metadesc
2030,"5 Best Rated Grill Smoker Combo To Buy On The Market 2018",https://brobbq.com/best-grill-smoker-combo-reviews/,"Best of the best grill smoker combo reviews - make cooking worth it with our choicest combinations with hints for getting the most suitable for yourself."
2225,"5 Best Budget & Inexpensive Gas Grills Under $200 in 2018",https://brobbq.com/best-gas-grills-under-200/,"You have a tight budget but want to enjoy an enjoyable meal? Let's dig deeper into these best gas grills under 200. These are the best affodable options..."
2259,"Top Rated 5 Gas Grills Under 500 Dollars In 2018",https://brobbq.com/best-gas-grills-under-500/,"What is best gas grills under $500 to serve mouth-watering delicacies to your guests? This top 5 value propane grills will make you feel satisfied!"
2311,"5 Best Portable Gas Grills 2018: For Tailgating, RVs & Camping",https://brobbq.com/best-portable-gas-grill-reviews/,"Grilling is more fun when you do it outdoors, cook up delicious snacks with the best portable gas grills. They're convenient for camping, tailgating and RVs"
2358,"How To Use A Smoker Grill In 8 Steps With Pictures",https://brobbq.com/how-to-use-a-smoker-grill/,"Are you hoping to have a perfect barbecue? Read these steps to know of the best tricks and techniques on how to use a smoker grill for that excellent taste."
2382,"5 Best Small Gas Grills In 2018: For Camping, Balconies & Apartments",https://brobbq.com/best-small-gas-grills/,"If you are a grill enthusiast always willing to carry your grill and cook up amazing bbq, these are the best small gas grills for 2018 reviewed in details for you"
2439,"Smoked Brisket Recipes To Get Your Teeth Itching For More",https://brobbq.com/smoked-brisket-recipes/,"Tired of the same taste in smoked briskets? Explore these lip-smacking recipes to change your grilled brisket mindset and be awed by many loved ones"
2533,"How To Use A Gas Grill: Learn In A Step-By-Step Guide",https://brobbq.com/how-to-use-a-gas-grill/,"Willing to start grilling awesome meals but not confident of using a gas grill? Learn how to use a gas grill with this step-by-step guide. Do check out the images too."
2539,"5 Best Natural Gas Grills For The Money (July 2018 Updated)",https://brobbq.com/best-natural-gas-grills/,"A natural gas grill is the most convenient ways of setting up an amazing outdoor BBQ. Read our reviews of the top best natural gas grills models for 2018."
2583,"8 Best Grill Accessories For Your Outdoor Party (July 2018)",https://brobbq.com/best-bbq-grill-accessories/,"The quality of food depends not only on the grill machine but also the tools you use. So we assembled the best BBQ accessories to help you enjoy the party!"
2585,"5 Best Gas Charcoal Combo Grills: The Perfect Combination",https://brobbq.com/best-gas-charcoal-combo-grill/,"Looking for the top best gas charcoal combo grills? This extensive review will show you the most effective and preferred in price, function and output."
2587,"Smoked Chicken Thigh Recipe That Will Give Your Taste Buds A Great Treat",https://brobbq.com/smoked-chicken-thigh-recipes/,"The thigh is my most favorite part of a whole chicken. I found and gathered and tried as many recipes as possible to make sure that these are the most delicious smoked thigh chicken dishes I've tasted"
2589,"Best 2 Burner Gas Grills: 5 Top Picks For Barbecue Party",https://brobbq.com/best-2-burner-gas-grills/,"After meticulous review, we've put together the best 2 burner gas grills that promise the maximum joy and satisfaction of cooking up lip-smacking meals."
2697,"Best 5 Ceramic Kamado Grills For The Money In 2018",https://brobbq.com/best-kamado-grill-reviews/,"As a grilling expert, you should choose the best kamado grills that strike the right balance of convenience and versatility which we reviewed in this list."
2734,"5 Best Infrared Grills On The Market In 2018",https://brobbq.com/best-infrared-grills/,"Grill with direct heat and cook up great barbecues that you have always wanted to with the best infrared grills on the market in 2018 reviewed here!"
2753,"5 Best Rated George Foreman Grills In July 2018",https://brobbq.com/best-george-foreman-grills/,"If you're a grilling expert, you have realized that convenience is all that matters & it comes with the best George Foreman Grills reviewed in details here."
2775,"How To Use A Charcoal Smoker In 11 Strategic Steps With Pictures",https://brobbq.com/how-to-use-a-charcoal-smoker/,"Are you up for char-grill cooking? Learn how to use a charcoal smoker to create the best charcoal grilled food using these trick- inspired steps."
2778,"How To Use A Propane Smoker In 13 Easy Steps With Pictures",https://brobbq.com/how-to-use-a-propane-smoker/,"Are you tired of slow options for smoking your food? Unveil these straightforward steps that teach you how to use a propane smoker for excellent results."
2781,"How To Use An Offset Smoker In 8 Simple Steps With Pictures",https://brobbq.com/how-to-use-an-offset-smoker/,"Frustrated with burnt foods when smoking. Read these problem-solving steps and tips on how to use an offset smoker for creating the best food results."
2784,"How To Use An Electric Smoker In 7 Easy Steps With Pictures",https://brobbq.com/how-to-use-an-electric-smoker/,"Tired of smokers with lengthy operating designs? Read these guide to unveil very easy steps on how to use an electric smoker to make your grilling life simpler."
2846,"5 Best Portable Charcoal Grills: For Camping & Tailgating In 2018",https://brobbq.com/best-portable-charcoal-grills/,"Here, we have reviewed some of the best portable charcoal grills offering an excellent grilling experience, ensuring that your food is full of flavor."
2850,"5 Best Tailgate Grills in 2018: For A Happy Camping Time",https://brobbq.com/best-tailgate-grills/,"Love to grill delicious food while traveling in your favorite car and stopping by the way? Check out the best tailgate grills reviewed in details here."
2885,"8 Best Propane Gas Smokers For The Money In 2018",https://brobbq.com/best-propane-gas-smoker-reviews/,"Are you in search of an option for making amazing chef-pro dishes? This review shares the best propane gas smokers to give you quick results and great food."
2887,"10 Best Rated Charcoal Smokers For The Money In 2018",https://brobbq.com/best-charcoal-smoker-reviews/,"Do you desire the best traditional char-broil taste? Take a read through this review to unveil the best charcoal smokers for unbeatable BBQ flavors"
2889,"8 Best Offset Smokers For The Money In 2018",https://brobbq.com/best-offset-smoker-reviews/,"Do you need great flavors and more food all in one? This review gives offers you the best offset smokers for optimum results on your cooking needs."
3013,"8 Best Indoor Electric Grills: Top Rated Reviews In 2018",https://brobbq.com/best-indoor-grill-reviews/,"The best indoor grills for 2018 are reviewed in details here for you to plan up excellent house parties with delicious BBQ. Read on to know in details."
3015,"7 Best Charcoal Grills On The Market 2018: Cheap & Budget",https://brobbq.com/best-charcoal-grill-reviews/,"Charcoal grills have been loved by grill enthusiasts and BBQ lovers all over. Click here to find out the best charcoal grills is..."
3017,"10 Best Rated Gas Grills On The Market In 2018",https://brobbq.com/best-gas-grill-reviews/,"Make the most of your love for grilling lip- BBQs with the best gas grills 2018 reviewed in details here. Choose the One!"
3268,"Smoked Chicken Wings Recipes To Try At Home",https://brobbq.com/smoked-chicken-wings-recipes/,"It’s about the time to move on from that single old chicken wings recipe and bring diversity to your cuisine with these amazing smoked chicken wings recipes. Experience some flavoursome ideas with the twist of new spices and special sauces."
3393,"5 Best Outdoor Electric Grills 2018 : For Patio & Small Place",https://brobbq.com/best-outdoor-electric-grill-reviews/,"If you are fond of grilling way too much and always want to carry one with you, here are the best outdoor electric grills reviewed in details for you."
3433,"7 Best Value Pellet Smoker Grills For The Money In 2018",https://brobbq.com/best-pellet-smoker-reviews/,"Do you have a strong desire for smoky foods? Take a deep dive into our the best pellet smokers/grill %%currentyear%% to give you optimum results"
3461,"6 Best Smokers For Beginners To Consider Buying In 2018",https://brobbq.com/best-smoker-for-beginners/,"Do you feel inexperienced to use a smoker? Your worries will end as this review looks at the best smokers for beginners that anyone can easily use."
3479,"How To Barbecue In 11 Simple Steps",https://brobbq.com/how-to-barbecue/,"Are you fed up with words on the barbecue but yet can’t do it yourself or have you tried barbecuing and yielded bad results? Read this easy and explanatory guide on how to barbecue and be a pro at it."
3526,"5 Best Electric Smokers Under $200 To Buy In 2018",https://brobbq.com/best-electric-smokers-under-200/,"Are you on a squeezed budget but still need a power smoker? Follow us on this trail as we reveal the best electric smokers under $200"
3619,"Smoking Times and Temperatures Chart: A Detailed Overview",https://brobbq.com/smoking-times-temperatures-chart/,"Learn in details about everything related to smoking times and temperature through a chart and information. Get additional tips on cooking delicious meals."
3638,"5 Best Digital Meat Thermometer: For Smoking & Grilling In 2018",https://brobbq.com/best-digital-meat-thermometer/,"If you're passionate and serious about cooking meat perfectly, you need one of these best digital meat thermometers reviewed in details here. Take a look."
3653,"Best Grilled Chicken Breast Recipes That Tastes Like No Other",https://brobbq.com/grilled-chicken-breast-recipes/,"Try out these amazing grilled chicken breast recipes in the comfort of your home. The recipes will bring in a new dimension to the traditional way of cooking. These delicious recipes are easy to make and the directions indicate simple step by step instructions. You are going to love them."
3747,"5 Best Rated Remote Wireless Meat Thermometers In 2018",https://brobbq.com/best-wireless-meat-thermometers/,"The best wireless meat thermometers are built to help you BBQing with extreme ease and convenience. Here are some top models for 2018 reviewed in details."
3749,"5 Best Rated Instant Read Thermometers In 2018",https://brobbq.com/best-instant-read-thermometer/,"The Best Instant Read Thermometers for 2018 are reviewed in details here for you to choose one according to your grilling needs. Take a look at them!"
3751,"5 Best Smoker Thermometers In 2018: For Grilling & Smoking",https://brobbq.com/best-smoker-thermometer-reviews/,"For perfectly cooked meat, you need a thermometer so here we review some of the best smoker thermometers that you must consider. So, let’s take a look."
3796,"10 Best Rated BBQ Smokers To Buy: Budget & Cheap in 2018",https://brobbq.com/best-smoker-reviews/,"Confused about the best type of smoker to cook your meat, fish? Don't worry cause these best smokers will help you even you're entry-level or professional!"
3862,"Yummy Smoked Chicken Breast Recipes Made Just For You",https://brobbq.com/smoked-chicken-breast-recipes/,"You will find a rich collection of amazing recipes. It will add diversity to your meal plan and it is ideal to serve your guests with a helping of smoked chicken."
3880,"Best Grill Cleaners To Keep Your Unit Sparkling Clean",https://brobbq.com/best-grill-cleaners/,"We review the best grill cleaners for 2018 to help you get the most-needed equipment to keep your griller clean and effective as always. Read on to know more."
3906,"Best Grill Brushes To Keep Your Unit As Efficient As Ever",https://brobbq.com/best-grill-brushes/,"Here is the best grill brushes reviewed to help you get the adequate equipment and keep your grill in the best possible shape. Read on for more information."
3908,"Best Grill Cover To Keep Your Unit Protected At All Times",https://brobbq.com/best-grill-covers/,"Keep your BBQ equipment safe, in good condition and protected from adverse weather with the best grill covers for 2018. Read on to know more in details."
3910,"Best BBQ Gloves For The Much-Needed Protection Of The Griller",https://brobbq.com/best-bbq-gloves/,"We review the best BBQ gloves for 2018 to help you protect your skin in the most desirable while grilling delicious food. Read on to know more."
3998,"How To Use A Smoker In 12 Simple And Pictured Steps",https://brobbq.com/how-to-use-smoker/,"Are you in a limbo as to how to make good use of your smoker? Read these easy steps to show you how to use a smoker for the perfect food results."
4004,"Grilled Chicken Wing Recipes Infused With Flavour",https://brobbq.com/grilled-chicken-wings-recipe/,"Grilled Chicken Wings are an awesome way to wow your crowd. Smoky, Crisply, Irresistible, So Good chicken wing recipes on the grill."
4091,"6 Best Electric Smokers For The Quickest Sizzling BBQs",https://brobbq.com/best-electric-smoker-reviews/,"Do you have a busy schedule but often crave tasty BBQs? Go through this review for the best electric smokers to make you the fastest barbecues ever."
4159,"Grilled Chicken Marinade Recipes To Be Made At Home",https://brobbq.com/grilled-chicken-marinade-recipe/,"Follow the easy Grilled Chicken Marinade recipes and you will have no regrets and surprises. Perfectly grilled tender and juicy chicken is seasoned with marinades, rubs and sauces."
4328,"How To Use A Charcoal Grill In 14 Pictured Steps",https://brobbq.com/how-to-use-charcoal-grill/,"Up for a fast char-grill flavored food? Read this article about how to use a charcoal grill for the best traditional smoky flavors."
4347,"Best 50 Barbecue Blogs For Outdoor Cooking Enthusiasts in 2018",https://brobbq.com/top-bbq-blogs/,"Lists out 50 Barbecue Blogs for outdoor cooking enthusiasts that contain mouthwatering recipes & details about cooking equipment"
4376,"Smoked Rib Recipes Which Will Melt In Your Mouth",https://brobbq.com/smoked-rib-recipes/,"Try out these amazing Smoked Rib Recipes and you are going to enjoy your outdoor cooking adventures. Mind you the recipes will be tried out several times of the week."
4418,"5 Of The Best BBQ Rubs For The Tastiest Of Delicacies",https://brobbq.com/best-bbq-rubs/,"Are you fed up with bland foods? Use our most preferred selection of the best bbq rubs on the market for super tasty and healthy results."
4419,"The Best Smoker Boxes For Gas Grill For Effective Use",https://brobbq.com/best-smoker-box-for-gas-grill/,"Opting to get a smoker after your gas grill purchase? You needn’t as we offer you the best smoker boxes for gas grills for smoky flavored foods."
4455,"Best Grill Grates Selection For The Most Beautiful Barbecues",https://brobbq.com/best-grill-grates/,"Up for pretty made but well-cooked foods? Follow along as we share the best grill grates for the perfect, solid, and most effective results."
4469,"5 Of The Best Meat Injectors For The Juiciest Of Meat",https://brobbq.com/best-meat-injector/,"Interested in upgrading your marination? Explore with us as we share the best meat injectors to boost up your food tastes and juiciness."
4502,"Best Grill Lights To Make You An All-night Pitmaster",https://brobbq.com/best-grill-lights/,"Struggling to grill in the dark? Night BBQs just got better with this selection of the best grill lights to make you defeat the darkness like never before."
4518,"Best Grill Pans For Mind Blowing Indoor Barbecues",https://brobbq.com/best-grill-pans/,"Need an indoor version of a grill? Uncover the best grill pans to give you great cooking experiences as a grill will, you will almost not need a grill anymore"
4532,"9 Best BBQ Sauces To Keep You Licking Your Fingers For Days",https://brobbq.com/best-bbq-sauce/,"Looking for an excellent tweak up for your barbecues? Worry no further as we share 9 of the best bbq sauces with diverse tastes for those amazing foods."
4554,"5 Best BBQ Books To Make You A Pitmaster In Your Right",https://brobbq.com/best-bbq-books/,"Anyone up for real barbecue guidance? Here, we share all-time best BBQ books to aid you with tips, tricks, techniques, and recipes for making fantastic barbecues."
4569,"The Best Lump Charcoal Brands For Seamless Cooking",https://brobbq.com/best-lump-charcoal/,"Are you eco-friendly on charcoal fueling? Read through our review on the best lump charcoal to give you safety and flavor in your next grill."
4585,"Grilled Pork Chop Recipes With Incredible Flavour",https://brobbq.com/grilled-pork-chops-recipes/,"Experience some delightful and amazing dishes with Grilled Pork Chops. These easy Grilled Pork Chop Recipes will bring diversity to your meals whilst providing a healthy diet. Try them out."
4775,"Grilling Time and Temperature Chart: BBQ to Perfection",https://brobbq.com/grilling-times-temperatures-chart/,"In a limbo about grilling the right way? This grilling time and temperature chart offers accurate details to aid you barbecue to excellency."
5036,"Pair Wine And Beer with BBQs: A Simplified Guide",https://brobbq.com/bbq-wine-beer-pairing-chart/,"Choosing the right drink for your foods in itself is a cherished art. So, come with us, we make you well in the know of this space in a simplified manner to also not confuse you in the process."
5113,"[Không post bài này nữa] A Beginner’s Guide To Grilling",https://brobbq.com/?p=5113,"One of the best feelings in the world is having your friends over on a beautiful Sunday afternoon, enjoying a beer or a glass of red wine and cooking a barbecue, while sharing some stories."
5199,"8 Primal Cuts Of Beef - The Ultimate Chart",https://brobbq.com/beef-cuts-chart/,"There're 8 primal cuts: Shank, Brisket, Rib, Short Plate, Flank, Round, Chuck, and Loin. Each of these are broken down into sub-primal cuts"
