Year,Date,Title,Words,URLs,Categories
2018,03-03-2018,"5 Best Rated Grill Smoker Combo To Buy On The Market 2018",2013,https://brobbq.com/best-grill-smoker-combo-reviews/,Smoking
2018,15-03-2018,"5 Best Budget &#038; Inexpensive Gas Grills Under $200 in 2018",2014,https://brobbq.com/best-gas-grills-under-200/,Grilling
2018,16-03-2018,"Top Rated 5 Gas Grills Under 500 Dollars In 2018",2423,https://brobbq.com/best-gas-grills-under-500/,Grilling
2018,19-03-2018,"5 Best Portable Gas Grills 2018: For Tailgating, RVs &#038; Camping",2041,https://brobbq.com/best-portable-gas-grill-reviews/,Grilling
2018,22-03-2018,"How To Use A Smoker Grill In 8 Steps With Pictures",885,https://brobbq.com/how-to-use-a-smoker-grill/,Grilling
2018,23-03-2018,"5 Best Small Gas Grills In 2018: For Camping, Balconies &#038; Apartments",1955,https://brobbq.com/best-small-gas-grills/,Grilling
2018,28-03-2018,"Smoked Brisket Recipes To Get Your Teeth Itching For More",637,https://brobbq.com/smoked-brisket-recipes/,Recipes
2018,29-03-2018,"How To Use A Gas Grill: Learn In A Step-By-Step Guide",1104,https://brobbq.com/how-to-use-a-gas-grill/,Grilling
2018,29-03-2018,"5 Best Natural Gas Grills For The Money (July 2018 Updated)",1921,https://brobbq.com/best-natural-gas-grills/,Grilling
2018,31-03-2018,"5 Best Gas Charcoal Combo Grills: The Perfect Combination",2090,https://brobbq.com/best-gas-charcoal-combo-grill/,Grilling
2018,31-03-2018,"Smoked Chicken Thigh Recipe That Will Give Your Taste Buds A Great Treat",407,https://brobbq.com/smoked-chicken-thigh-recipes/,Recipes
2018,31-03-2018,"Best 2 Burner Gas Grills: 5 Top Picks For Barbecue Party",1618,https://brobbq.com/best-2-burner-gas-grills/,Grilling
2018,31-03-2018,"8 Best Grill Accessories For Your Outdoor Party (July 2018)",1535,https://brobbq.com/best-bbq-grill-accessories/,"BBQ Accessories"
2018,04-04-2018,"Best 5 Ceramic Kamado Grills For The Money In 2018",1921,https://brobbq.com/best-kamado-grill-reviews/,Grilling
2018,04-04-2018,"5 Best Rated George Foreman Grills In July 2018",2177,https://brobbq.com/best-george-foreman-grills/,Grilling
2018,04-04-2018,"5 Best Infrared Grills On The Market In 2018",1978,https://brobbq.com/best-infrared-grills/,Grilling
2018,06-04-2018,"How To Use A Propane Smoker In 13 Easy Steps With Pictures",994,https://brobbq.com/how-to-use-a-propane-smoker/,Smoking
2018,06-04-2018,"How To Use An Electric Smoker In 7 Easy Steps With Pictures",901,https://brobbq.com/how-to-use-an-electric-smoker/,Smoking
2018,06-04-2018,"How To Use A Charcoal Smoker In 11 Strategic Steps With Pictures",953,https://brobbq.com/how-to-use-a-charcoal-smoker/,Smoking
2018,06-04-2018,"How To Use An Offset Smoker In 8 Simple Steps With Pictures",899,https://brobbq.com/how-to-use-an-offset-smoker/,Smoking
2018,08-04-2018,"5 Best Tailgate Grills in 2018: For A Happy Camping Time",1929,https://brobbq.com/best-tailgate-grills/,Grilling
2018,08-04-2018,"5 Best Portable Charcoal Grills: For Camping &#038; Tailgating In 2018",1701,https://brobbq.com/best-portable-charcoal-grills/,Grilling
2018,18-04-2018,"8 Best Propane Gas Smokers For The Money In 2018",3932,https://brobbq.com/best-propane-gas-smoker-reviews/,Smoking
2018,19-04-2018,"10 Best Rated Charcoal Smokers For The Money In 2018",3420,https://brobbq.com/best-charcoal-smoker-reviews/,Smoking
2018,19-04-2018,"8 Best Offset Smokers For The Money In 2018",2489,https://brobbq.com/best-offset-smoker-reviews/,Smoking
2018,20-04-2018,"10 Best Rated Gas Grills On The Market In 2018",3577,https://brobbq.com/best-gas-grill-reviews/,Grilling
2018,20-04-2018,"8 Best Indoor Electric Grills: Top Rated Reviews In 2018",3370,https://brobbq.com/best-indoor-grill-reviews/,Grilling
2018,21-04-2018,"7 Best Charcoal Grills On The Market 2018: Cheap &#038; Budget",3247,https://brobbq.com/best-charcoal-grill-reviews/,Grilling
2018,01-05-2018,"Smoked Chicken Wings Recipes To Try At Home",955,https://brobbq.com/smoked-chicken-wings-recipes/,Recipes
2018,03-05-2018,"5 Best Outdoor Electric Grills 2018 : For Patio &#038; Small Place",2608,https://brobbq.com/best-outdoor-electric-grill-reviews/,Grilling
2018,06-05-2018,"7 Best Value Pellet Smoker Grills For The Money In 2018",2683,https://brobbq.com/best-pellet-smoker-reviews/,Smoking
2018,07-05-2018,"6 Best Smokers For Beginners To Consider Buying In 2018",3200,https://brobbq.com/best-smoker-for-beginners/,Smoking
2018,09-05-2018,"5 Best Electric Smokers Under $200 To Buy In 2018",2127,https://brobbq.com/best-electric-smokers-under-200/,Smoking
2018,11-05-2018,"5 Best Digital Meat Thermometer: For Smoking &#038; Grilling In 2018",1887,https://brobbq.com/best-digital-meat-thermometer/,Thermometers
2018,12-05-2018,"Best Grilled Chicken Breast Recipes That Tastes Like No Other",1725,https://brobbq.com/grilled-chicken-breast-recipes/,Recipes
2018,12-05-2018,"Smoking Times and Temperatures Chart: A Detailed Overview",2800,https://brobbq.com/smoking-times-temperatures-chart/,Smoking
2018,14-05-2018,"10 Best Rated BBQ Smokers To Buy: Budget &#038; Cheap in 2018",4182,https://brobbq.com/best-smoker-reviews/,Smoking
2018,14-05-2018,"5 Best Rated Remote Wireless Meat Thermometers In 2018",2285,https://brobbq.com/best-wireless-meat-thermometers/,Thermometers
2018,14-05-2018,"5 Best Rated Instant Read Thermometers In 2018",2059,https://brobbq.com/best-instant-read-thermometer/,Thermometers
2018,14-05-2018,"5 Best Smoker Thermometers In 2018: For Grilling &#038; Smoking",1977,https://brobbq.com/best-smoker-thermometer-reviews/,Thermometers
2018,14-05-2018,"How To Barbecue In 11 Simple Steps",4174,https://brobbq.com/how-to-barbecue/,"BBQ Tips"
2018,16-05-2018,"Yummy Smoked Chicken Breast Recipes Made Just For You",825,https://brobbq.com/smoked-chicken-breast-recipes/,Recipes
2018,17-05-2018,"Best Grill Cleaners To Keep Your Unit Sparkling Clean",1700,https://brobbq.com/best-grill-cleaners/,"BBQ Accessories"
2018,18-05-2018,"Best BBQ Gloves For The Much-Needed Protection Of The Griller",1649,https://brobbq.com/best-bbq-gloves/,"BBQ Accessories"
2018,18-05-2018,"Best Grill Cover To Keep Your Unit Protected At All Times",1628,https://brobbq.com/best-grill-covers/,"BBQ Accessories"
2018,18-05-2018,"Best Grill Brushes To Keep Your Unit As Efficient As Ever",1651,https://brobbq.com/best-grill-brushes/,"BBQ Accessories"
2018,21-05-2018,"How To Use A Smoker In 12 Simple And Pictured Steps",1383,https://brobbq.com/how-to-use-smoker/,Smoking
2018,22-05-2018,"Grilled Chicken Wing Recipes Infused With Flavour",2001,https://brobbq.com/grilled-chicken-wings-recipe/,Recipes
2018,22-05-2018,"6 Best Electric Smokers For The Quickest Sizzling BBQs",3404,https://brobbq.com/best-electric-smoker-reviews/,Smoking
2018,02-06-2018,"Grilled Chicken Marinade Recipes To Be Made At Home",502,https://brobbq.com/grilled-chicken-marinade-recipe/,Recipes
2018,02-06-2018,"How To Use A Charcoal Grill In 14 Pictured Steps",1731,https://brobbq.com/how-to-use-charcoal-grill/,Grilling
2018,12-06-2018,"Smoked Rib Recipes Which Will Melt In Your Mouth",1258,https://brobbq.com/smoked-rib-recipes/,Recipes
2018,13-06-2018,"5 Of The Best BBQ Rubs For The Tastiest Of Delicacies",1723,https://brobbq.com/best-bbq-rubs/,"BBQ Accessories"
2018,13-06-2018,"The Best Smoker Boxes For Gas Grill For Effective Use",1383,https://brobbq.com/best-smoker-box-for-gas-grill/,"BBQ Accessories"
2018,14-06-2018,"Best Grill Grates Selection For The Most Beautiful Barbecues",1547,https://brobbq.com/best-grill-grates/,"BBQ Accessories"
2018,14-06-2018,"5 Of The Best Meat Injectors For The Juiciest Of Meat",1557,https://brobbq.com/best-meat-injector/,"BBQ Accessories"
2018,17-06-2018,"Best Grill Lights To Make You An All-night Pitmaster",1546,https://brobbq.com/best-grill-lights/,"BBQ Accessories"
2018,17-06-2018,"Best Grill Pans For Mind Blowing Indoor Barbecues",1591,https://brobbq.com/best-grill-pans/,"BBQ Accessories"
2018,17-06-2018,"9 Best BBQ Sauces To Keep You Licking Your Fingers For Days",3147,https://brobbq.com/best-bbq-sauce/,"BBQ Accessories"
2018,17-06-2018,"5 Best BBQ Books To Make You A Pitmaster In Your Right",1663,https://brobbq.com/best-bbq-books/,"BBQ Accessories"
2018,17-06-2018,"The Best Lump Charcoal Brands For Seamless Cooking",1711,https://brobbq.com/best-lump-charcoal/,"BBQ Accessories"
2018,18-06-2018,"Grilled Pork Chop Recipes With Incredible Flavour",961,https://brobbq.com/grilled-pork-chops-recipes/,Recipes
2018,19-06-2018,"Best 50 Barbecue Blogs For Outdoor Cooking Enthusiasts in 2018",10528,https://brobbq.com/top-bbq-blogs/,"BBQ Tips"
2018,04-07-2018,"Grilling Time and Temperature Chart: BBQ to Perfection",4182,https://brobbq.com/grilling-times-temperatures-chart/,Grilling
2018,26-08-2018,"Pair Wine And Beer with BBQs: A Simplified Guide",2339,https://brobbq.com/bbq-wine-beer-pairing-chart/,"BBQ Tips"
2018,09-10-2018,"8 Primal Cuts Of Beef &#8211; The Ultimate Chart",1,https://brobbq.com/beef-cuts-chart/,"BBQ Tips"
